ID	Gene	CosineDistance_8M
KNGPFPPJ_04716	Trimethoprim [dfrA7]	0.050400436
KNGPFPPJ_04727	Aminoglycoside [aph(3')-Ia]	0.08126497
KNGPFPPJ_04689	Aminoglycoside [aadA2]	0.099315345
KNGPFPPJ_04691	Aminoglycoside [aadA1]	0.12836117
KNGPFPPJ_04687	Macrolide [estX]	0.13237119
KNGPFPPJ_04720	Beta-lactam [blaTEM-1B]	0.22107178
KNGPFPPJ_04718	Sulfonamide [sul1]	0.22860348
KNGPFPPJ_04717	Biocide [qacE\Delta1]	0.25092757
KNGPFPPJ_04692	Biocide [qacL]	0.25668925
KNGPFPPJ_04694	Sulfonamide [sul3]	0.28483397
KNGPFPPJ_04690	Phenicol [cmlA1]	0.3025198
KNGPFPPJ_04581	Tetracycline [tet(A)]	0.31460845
