ID	Label	Group	Is_Candidate	tSNE_1	tSNE_2	UMAP_1	UMAP_2
KNGPFPPJ_00061	KNGPFPPJ_00061	Novel Candidate	True	3.7806637	-10.130706	3.8297431	6.4031014
KNGPFPPJ_00084	KNGPFPPJ_00084	Novel Candidate	True	5.2883253	-16.720322	4.330064	5.9879417
KNGPFPPJ_00091	KNGPFPPJ_00091	Novel Candidate	True	24.765512	-12.554208	1.2796885	5.861275
KNGPFPPJ_00097	KNGPFPPJ_00097	Novel Candidate	True	21.691343	26.50928	2.7196608	7.249443
KNGPFPPJ_00103	KNGPFPPJ_00103	Novel Candidate	True	18.038008	33.62164	3.2509072	7.728454
KNGPFPPJ_00106	KNGPFPPJ_00106	Novel Candidate	True	5.947207	9.397379	3.3156219	6.5060587
KNGPFPPJ_00107	KNGPFPPJ_00107	Novel Candidate	True	34.09438	-14.751334	1.2865092	6.5281806
KNGPFPPJ_00109	KNGPFPPJ_00109	Novel Candidate	True	17.839525	19.837307	2.4789708	6.908456
KNGPFPPJ_00112	KNGPFPPJ_00112	Novel Candidate	True	11.753936	22.398468	3.1843934	7.0842714
KNGPFPPJ_00114	KNGPFPPJ_00114	Novel Candidate	True	17.86766	40.031822	3.3430448	7.9959435
KNGPFPPJ_00115	KNGPFPPJ_00115	Novel Candidate	True	12.347416	35.77811	3.5827796	7.5227494
KNGPFPPJ_00400	KNGPFPPJ_00400	Novel Candidate	True	13.168401	-3.6960168	2.651288	5.5574374
KNGPFPPJ_01156	KNGPFPPJ_01156	Novel Candidate	True	22.044481	-1.5050627	1.9454652	6.0412903
KNGPFPPJ_01158	KNGPFPPJ_01158	Novel Candidate	True	14.947136	0.889474	2.116601	5.6053057
KNGPFPPJ_02769	KNGPFPPJ_02769	Novel Candidate	True	5.202865	-0.091730684	2.6698825	6.039851
KNGPFPPJ_03157	KNGPFPPJ_03157	Novel Candidate	True	-5.9178896	0.8277512	2.709577	4.963455
KNGPFPPJ_03161	KNGPFPPJ_03161	Novel Candidate	True	-6.900285	9.882612	1.9989257	5.243229
KNGPFPPJ_03836	KNGPFPPJ_03836	Novel Candidate	True	32.944088	-4.1678276	1.5462338	6.2021546
KNGPFPPJ_04303	KNGPFPPJ_04303	Novel Candidate	True	38.20549	3.6664374	0.6887644	6.2367153
KNGPFPPJ_04325	KNGPFPPJ_04325	Novel Candidate	True	-13.425671	-2.6158948	3.8901908	4.4438977
KNGPFPPJ_04326	KNGPFPPJ_04326	Novel Candidate	True	26.963787	-5.241604	1.0755736	6.023521
KNGPFPPJ_04371	KNGPFPPJ_04371	Novel Candidate	True	41.006573	-8.077613	0.9145	6.761943
KNGPFPPJ_04571	KNGPFPPJ_04571	Novel Candidate	True	30.395452	3.531569	0.67043406	5.8768954
KNGPFPPJ_04581	Tetracycline	Tetracycline [tet(A)]	False	-45.44348	-8.744872	5.445126	4.839967
KNGPFPPJ_04687	Macrolide	Macrolide [estX]	False	-5.193506	-25.990993	4.033537	5.4131813
KNGPFPPJ_04689	Aminoglycoside	Aminoglycoside [aadA2]	False	-9.068247	-17.41059	3.273068	5.5552382
KNGPFPPJ_04690	Phenicol	Phenicol [cmlA1]	False	-24.856277	-16.872627	4.5485153	4.9526925
KNGPFPPJ_04691	Aminoglycoside	Aminoglycoside [aadA1]	False	-12.555419	-20.500757	3.761466	5.6972804
KNGPFPPJ_04692	Biocide	Biocide [qacL]	False	-50.09566	-13.43868	5.526335	4.554796
KNGPFPPJ_04694	Sulfonamide	Sulfonamide [sul3]	False	-31.171886	-3.344883	4.733993	4.5346
KNGPFPPJ_04716	Trimethoprim	Trimethoprim [dfrA7]	False	-0.94672173	-30.632092	3.3279393	5.255194
KNGPFPPJ_04717	Biocide	Biocide [qacE\Delta1]	False	-46.652397	-17.091936	5.3497243	4.9468536
KNGPFPPJ_04718	Sulfonamide	Sulfonamide [sul1]	False	-36.07428	-3.4619455	5.1307464	4.383939
KNGPFPPJ_04720	Beta-lactam	Beta-lactam [blaTEM-1B]	False	-25.612164	-8.413088	4.56637	4.326961
KNGPFPPJ_04727	Aminoglycoside	Aminoglycoside [aph(3')-Ia]	False	-7.9585886	-10.839255	3.9379513	4.960726
