name,class,dG_elec,dG_vdW,dG_pol,dG_npol,dG_bind,sd
Kanamycin,Positive,-75.34,-19.91,75.23,-3.89,-23.64,1.13
Amikacin,Positive,21.79,-18.98,-21.29,-4.62,-22.8,1.29
Gentamicin,Positive,12.48,-18.14,-12.75,-3.32,-22.17,1.1
Streptomycin,Positive,-62.15,-17.84,61.42,-3.58,-22.17,0.98
Penicillin G,Decoy,38.02,-13.97,-36.04,-2.02,-14.0,1.12
D-Glucose,Decoy,-8.33,-10.31,8.32,-1.38,-11.96,1.17
Tetracycline,Decoy,176.01,-14.48,-169.08,-3.16,-10.45,0.89
Ciprofloxacin,Decoy,142.3,-15.12,-137.88,-2.74,-12.91,0.89
Chloramphenicol,Decoy,52.4,-12.89,-46.95,-2.12,-10.43,1.06
Ampicillin,Decoy,41.2,-11.63,-39.18,-1.85,-11.19,1.2
